t_sec,desired,ready,jobs,processing,done
0,0,0,100,0,0
5,1,1,99,1,0
10,5,1,98,1,1
15,5,5,87,5,8
20,5,5,81,5,14
25,2,2,78,3,19
30,2,2,75,2,23
35,2,2,72,2,26
40,2,2,69,2,29
46,2,2,66,2,32
51,2,2,64,2,34
56,2,2,61,2,37
61,2,2,58,2,40
66,2,2,55,2,43
71,2,2,52,2,46
76,2,2,49,2,49
81,2,2,45,2,53
86,2,2,42,2,56
91,2,2,38,2,60
97,2,2,35,2,63
102,2,2,33,2,65
107,2,2,30,2,68
112,2,2,27,2,71
117,2,2,25,2,73
122,2,2,21,2,77
127,2,2,19,2,79
132,2,2,15,2,83
137,2,2,13,2,85
142,2,2,10,2,88
148,2,2,8,2,90
153,2,2,5,2,93
158,2,2,2,2,96
163,2,2,0,0,100
168,2,2,0,0,100
173,2,2,0,0,100
178,1,1,0,0,100
183,1,1,0,0,100
188,0,0,0,0,100
193,0,0,0,0,100
